{"mean": [41.41983413696289, 0.498759925365448, 27.07078742980957, 0.1278384029865265, 5.08818244934082, 5.014088153839111, 7.083438873291016, 4.984562397003174, 5.193782329559326, 4.839748859405518, 0.15630511939525604, 0.2980875074863434, 0.39627423882484436, 0.18598434329032898, 0.235615074634552, 0.17317019402980804, 0.622519850730896, 0.4846230149269104, 0.4645612835884094, 0.4770722985267639, 0.5806326866149902, 0.6587576866149902], "scale": [22.021419525146484, 0.49999845027923584, 7.073598384857178, 0.3339097797870636, 2.8884782791137695, 2.9105610847473145, 1.711821436882019, 2.976938247680664, 2.865015983581543, 2.840850353240967, 0.3631443679332733, 0.45741814374923706, 0.4891226589679718, 0.3890940248966217, 0.42438262701034546, 0.37839433550834656, 0.4847565293312073, 0.49976348876953125, 0.4987425208091736, 0.49947404861450195, 0.49345552921295166, 0.47412654757499695], "predictors": ["Age", "Gender", "BMI", "Smoking", "PhysicalActivity", "DietQuality", "SleepQuality", "PollutionExposure", "PollenExposure", "DustExposure", "PetAllergy", "FamilyHistoryAsthma", "HistoryOfAllergies", "Eczema", "HayFever", "GastroesophagealReflux", "Wheezing", "ShortnessOfBreath", "ChestTightness", "Coughing", "NighttimeSymptoms", "ExerciseInduced"], "target": "Diagnosis"}