{"mean": [41.704795837402344, 0.49586549401283264, 27.040206909179688, 0.12899668514728546, 5.081254005432129, 4.9875102043151855, 7.093072891235352, 4.971464157104492, 5.201078414916992, 4.848877429962158, 0.15821389853954315, 0.29437705874443054, 0.39746415615081787, 0.1821940392255783, 0.23456449806690216, 0.173649400472641, 0.619349479675293, 0.481256902217865, 0.4638919532299042, 0.481256902217865, 0.5760749578475952, 0.6595920324325562], "scale": [22.049062728881836, 0.49998289346694946, 7.084115028381348, 0.33519628643989563, 2.887474775314331, 2.9100329875946045, 1.7168242931365967, 2.9705679416656494, 2.8716769218444824, 2.82792592048645, 0.36494144797325134, 0.45576223731040955, 0.48937347531318665, 0.38600435853004456, 0.42372632026672363, 0.3788077235221863, 0.4855467975139618, 0.4996485710144043, 0.498694509267807, 0.4996485710144043, 0.4941787123680115, 0.47384634613990784], "predictors": ["Age", "Gender", "BMI", "Smoking", "PhysicalActivity", "DietQuality", "SleepQuality", "PollutionExposure", "PollenExposure", "DustExposure", "PetAllergy", "FamilyHistoryAsthma", "HistoryOfAllergies", "Eczema", "HayFever", "GastroesophagealReflux", "Wheezing", "ShortnessOfBreath", "ChestTightness", "Coughing", "NighttimeSymptoms", "ExerciseInduced"], "target": "Diagnosis"}